173,205,44,52,32,86,75,184,193,231,36,82,28,6,44,234
134,214,94,102,45,73,15,77,43,169,78,19,232,96,245,103
103,63,58,207,96,123,39,57,70,150,185,60,217,223,131,105
90,83,179,165,201,161,231,75,99,13,144,148,137,3,150,68
96,207,204,22,221,149,209,10,205,185,243,16,245,220,125,166
74,68,252,228,37,26,87,160,179,92,23,100,206,112,225,140
91,197,34,102,10,193,126,215,163,101,10,14,137,70,172,189
103,183,212,111,217,18,15,61,166,38,39,179,54,168,245,167
251,199,169,189,254,5,104,154,14,64,209,224,119,34,21,2
44,175,65,51,148,184,53,241,136,125,222,0,14,40,21,43
199,35,123,245,77,20,24,216,71,185,91,91,178,240,5,221
245,246,246,109,205,248,201,3,169,237,4,248,139,131,116,84
163,124,74,88,244,197,0,65,175,164,77,232,18,96,68,36
64,27,160,0,191,137,138,221,167,220,81,175,237,184,56,0
238,154,156,191,216,144,71,47,227,254,105,115,71,158,196,178
47,86,174,239,106,226,114,161,35,198,54,106,73,201,102,74
33,7,128,135,79,174,245,255,88,109,97,179,227,40,69,127
18,121,21,80,156,78,192,128,177,249,19,159,140,87,142,96
19,237,199,5,11,161,215,173,160,23,116,228,170,66,69,169
150,196,43,171,82,28,71,141,226,45,206,195,220,14,152,15
